Year,Population
2030,5002.044321956019
2040,5814.136181065964
2050,6566.521663551482
2060,7226.501569663787
2070,7778.22747524545
2080,8221.201188864465
2090,8565.46854528049
2100,8826.316520751354
