Year,Population
2030,23527.66669227669
2040,23527.66669227669
2050,23527.66669227669
2060,23527.66669227669
2070,23527.66669227669
2080,23527.66669227669
2090,23527.66669227669
2100,23527.66669227669
