Year,Population
2030,46517.66666666652
2040,46517.66666666652
2050,46517.66666666652
2060,46517.66666666652
2070,46517.66666666652
2080,46517.66666666652
2090,46517.66666666652
2100,46517.66666666652
