Year,Population
2030,27208.400000016558
2040,27208.400000016558
2050,27208.400000016558
2060,27208.400000016558
2070,27208.400000016558
2080,27208.400000016558
2090,27208.400000016558
2100,27208.400000016558
