Year,Population
2030,44759.33330202291
2040,44759.33330202291
2050,44759.33330202291
2060,44759.33330202291
2070,44759.33330202291
2080,44759.33330202291
2090,44759.33330202291
2100,44759.33330202291
