Year,Population
2030,2252.5167547283513
2040,2594.882531262943
2050,2913.3604602660444
2060,3195.4282616754094
2070,3434.5931340496572
2080,3629.9990154641673
2090,3784.872247726224
2100,3904.6894451321828
