Year,Population
2030,517.111547696701
2040,615.0989697269698
2050,718.8225193498008
2060,824.7263984479401
2070,928.9462311088461
2080,1027.8567974639336
2090,1118.5505400965467
2100,1199.121294101212
