Year,Population
2020,198.7999999970323
2030,198.7999999879727
2040,198.79994780145427
2050,198.49978886700086
2060,20.46960027155999
2070,0.003961342778077314
2080,6.877043877141893e-07
2090,1.1938575648963e-10
2100,2.0725414957272314e-14
