Year,Population
2030,3133.6773535048947
2040,3420.6175653820387
2050,3554.1707433754027
2060,3612.0444901675387
2070,3636.343412150116
2080,3646.4099054053413
2090,3650.5570699025097
2100,3652.261685528743
