Year,Population
2030,562.4199342069631
2040,695.0029871802383
2050,834.9535768306991
2060,974.4761093725224
2070,1105.8686330318428
2080,1223.130662009813
2090,1322.8674277746723
2100,1404.2859213110582
