Year,Population
2030,391.8426093393902
2040,474.45454137904585
2050,565.9529165490713
2060,664.1734384975588
2070,766.1330286874397
2080,868.3554256634313
2090,967.3286923870453
2100,1059.9726273989058
