Year,Population
2030,2745.4541240858744
2040,4319.276215266154
2050,5473.871031502678
2060,6071.006579023044
2070,6324.884272927594
2080,6423.726952473331
2090,6460.878516212287
2100,6474.656966903351
