Year,Population
2030,822.9292177079761
2040,834.5271624807536
2050,836.4731718286723
2060,836.795277237122
2070,836.8484717920315
2080,836.8572533929175
2090,836.8587030101929
2100,836.8589423024157
