Year,Population
2030,-1.2417173365329765e-33
2040,-5.899149436631026e-34
2050,-2.802567303511266e-34
2060,-1.331443384352731e-34
2070,-6.325419851703849e-35
2080,-3.0050798081647384e-35
2090,-1.4276530040937782e-35
2100,-6.782492413546856e-36
