Year,Population
2030,3764.582573833002
2040,4640.925854465611
2050,5558.510427420794
2060,6464.945221418893
2070,7310.3100722803165
2080,8057.459965192378
2090,8687.076041356035
2100,9196.687676694437
