Year,Population
2030,1116.6000000000001
2040,1116.6000000000001
2050,1116.6000000000001
2060,1116.6000000000001
2070,1116.6000000000001
2080,1116.6000000000001
2090,1116.6000000000001
2100,1116.6000000000001
