Year,Population
2030,5002.0443849811945
2040,5814.136336497852
2050,6566.521943967853
2060,7226.501995642686
2070,7778.228052562372
2080,8221.201910293983
2090,8565.469394960302
2100,8826.317478826919
