Year,Population
2030,2607.9259301516167
2040,3103.193708563299
2050,3627.683019758372
2060,4163.404204129735
2070,4690.77568646791
2080,5191.403965161385
2090,5650.519028635679
2100,6058.423870680781
