Year,Population
2030,2.532775024822595e-18
2040,1.0523150656290062e-18
2050,4.372149071658413e-19
2060,1.8165365230590315e-19
2070,7.54732943805084e-20
2080,3.135757576211272e-20
2090,1.3028417081136237e-20
2100,5.413034889167919e-21
