Year,Population
2030,4844.000000573342
2040,4844.000000573342
2050,4844.000000573342
2060,4844.000000573342
2070,4844.000000573342
2080,4844.000000573342
2090,4844.000000573342
2100,4844.000000573342
