Year,Household
2030,6390.249994628193
2040,6390.249994628193
2050,6390.249994628193
2060,6390.249994628193
2070,6390.249994628193
2080,6390.249994628193
2090,6390.249994628193
2100,6390.249994628193
