Year,Household
2030,13058.434965752556
2040,15598.272412268701
2050,18209.057182095814
2060,20772.018758097936
2070,23176.808355300764
2080,25339.340137895502
2090,27210.97808191171
2100,28777.92710283272
