Year,Population
2020,1435.5000052096143
2030,1435.5000052096143
2040,1435.5000052096143
2050,1435.5000052096143
2060,1435.5000052096143
2070,1435.5000052096143
2080,1435.5000052096143
2090,1435.5000052096143
2100,1435.5000052096143
