Year,Population
2030,10946.999986043747
2040,10946.999986043747
2050,10946.999986043747
2060,10946.999986043747
2070,10946.999986043747
2080,10946.999986043747
2090,10946.999986043747
2100,10946.999986043747
