Year,Population
2030,1739.9603516005493
2040,2177.034861735277
2050,2682.5617017228387
2060,3248.454227539323
2070,3859.199040698848
2080,4492.906446455956
2090,5124.141469525386
2100,5727.859954709164
