Year,Population
2030,6186.999981166676
2040,6186.999981166676
2050,6186.999981166676
2060,6186.999981166676
2070,6186.999981166676
2080,6186.999981166676
2090,6186.999981166676
2100,6186.999981166676
