Year,Population
2030,1249.8598415642796
2040,1532.3122461218095
2050,1867.8198396214677
2060,2261.3809954686935
2070,2716.3054161392743
2080,3233.31265304719
2090,3809.6652384611825
2100,4438.539871960276
