Year,Population
2030,58970.438755431634
2040,74835.84559819299
2050,94969.68149793084
2060,120520.32460813421
2070,152945.11274070668
2080,194093.46587246648
2090,246312.3719307949
2100,312580.252475056
